PromotionID,EmployeeID,PromotionDate,PromotionReason
PRO000001,EMP000002,2023-08-12,
PRO000002,EMP000005,2021-06-17,Outstanding Performance
PRO000003,EMP000006,2023-09-18,Years of Service
PRO000004,EMP000007,2020-06-02,Internal Recruitment
PRO000005,EMP000008,2023-03-14,Internal Recruitment
PRO000006,EMP000010,2025-03-19,Years of Service
PRO000007,EMP000015,2020-05-11,Leadership Potential
PRO000008,EMP000017,2022-10-01,Outstanding Performance
PRO000009,EMP000019,2025-04-28,Outstanding Performance
PRO000010,EMP000020,2023-09-11,Outstanding Performance
PRO000011,EMP000027,2024-10-16,Leadership Potential
PRO000012,EMP000031,2025-06-01,Outstanding Performance
PRO000013,EMP000045,2024-09-17,Leadership Potential
PRO000014,EMP000051,2019-04-11,Promotion
PRO000015,EMP000058,2020-12-10,Department Expansion
PRO000016,EMP000060,2023-08-17,
PRO000017,EMP000061,2022-12-26,Good
PRO000018,EMP000067,2024-09-27,Transfer
PRO000019,EMP000070,2019-02-08,Internal Recruitment
PRO000020,EMP000074,2023-09-12,Leadership Potential
PRO000021,EMP000077,2022-05-27,Outstanding Performance
PRO000022,EMP000078,2022-09-22,Department Expansion
PRO000023,EMP000083,2022-02-04,Outstanding Performance
PRO000024,EMP000088,2020-10-24,Leadership Potential
PRO000025,EMP000090,2019-01-04,Years of Service
PRO000026,EMP000091,2023-11-05,Outstanding Performance
PRO000027,EMP000092,2020-06-04,Outstanding Performance
PRO000028,EMP000098,2021-09-05,Department Expansion
PRO000029,EMP000102,2019-09-17,Leadership Potential
PRO000030,EMP000104,2019-03-09,
PRO000031,EMP000109,2022-02-01,Transfer
PRO000032,EMP000111,2022-09-22,Years of Service
PRO000033,EMP000112,2021-11-07,Years of Service
PRO000034,EMP000113,2024-06-16,Internal Recruitment
PRO000035,EMP000117,2025-09-09,Department Expansion
PRO000036,EMP000118,2024-11-07,Leadership Potential
PRO000037,EMP000120,2024-08-03,Leadership Potential
PRO000038,EMP000121,2024-12-21,Outstanding Performance
PRO000039,EMP000122,2021-03-12,Internal Recruitment
PRO000040,EMP000128,2025-08-03,Department Expansion
PRO000041,EMP000129,2020-03-11,Years of Service
PRO000042,EMP000131,2019-02-18,Years of Service
PRO000043,EMP000134,2020-01-17,Department Expansion
PRO000044,EMP000135,2022-03-19,Leadership Potential
PRO000045,EMP000144,2019-11-25,Years of Service
PRO000046,EMP000147,2019-09-13,
PRO000047,EMP000149,2025-11-13,Years of Service
PRO000048,EMP000154,2025-09-20,
PRO000049,EMP000158,2023-11-08,Leadership Potential
PRO000050,EMP000160,2025-08-28,Department Expansion
PRO000051,EMP000166,2024-10-24,Outstanding Performance
PRO000052,EMP000167,2025-08-06,Leadership Potential
PRO000053,EMP000168,2024-08-05,Internal Recruitment
PRO000054,EMP000170,2025-12-26,Promotion
PRO000055,EMP000177,2019-08-07,Promotion
PRO000056,EMP000179,2024-02-05,Years of Service
PRO000057,EMP000181,2024-09-27,Department Expansion
PRO000058,EMP000184,2022-07-01,Years of Service
PRO000059,EMP000187,2021-04-26,Years of Service
PRO000060,EMP000196,2024-09-17,Outstanding Performance
PRO000061,EMP000198,2020-05-04,Leadership Potential
PRO000062,EMP000199,2020-05-14,Outstanding Performance
PRO000063,EMP000202,2023-08-04,Outstanding Performance
PRO000064,EMP000206,2023-07-07,
PRO000065,EMP000208,2024-01-28,Internal Recruitment
PRO000066,EMP000209,2021-09-09,Internal Recruitment
PRO000067,EMP000210,2024-10-06,Department Expansion
PRO000068,EMP000212,2023-04-24,Department Expansion
PRO000069,EMP000217,2022-09-23,Leadership Potential
PRO000070,EMP000235,2024-06-15,Outstanding Performance
PRO000071,EMP000238,2025-09-05,
PRO000072,EMP000240,2024-04-23,Department Expansion
PRO000073,EMP000249,2023-01-15,Transfer
PRO000074,EMP000252,2025-10-12,
PRO000075,EMP000253,2025-12-04,Years of Service
PRO000076,EMP000254,2021-01-16,Years of Service
PRO000077,EMP000257,2024-10-07,Internal Recruitment
PRO000078,EMP000261,2021-04-17,Leadership Potential
PRO000079,EMP000270,2025-10-26,Years of Service
PRO000080,EMP000271,2024-05-17,Department Expansion
PRO000081,EMP000273,2025-08-14,Outstanding Performance
PRO000082,EMP000274,2019-12-06,Excellent
PRO000083,EMP000277,2019-06-28,Outstanding Performance
PRO000084,EMP000278,2025-01-20,Years of Service
PRO000085,EMP000281,2024-07-12,Years of Service
PRO000086,EMP000286,2024-05-02,Years of Service
PRO000087,EMP000290,2024-11-14,Transfer
PRO000088,EMP000293,2023-04-13,Years of Service
PRO000089,EMP000297,2025-12-08,Leadership Potential
PRO000090,EMP000299,2025-07-03,Department Expansion
PRO000091,EMP000300,2021-04-08,Outstanding Performance
PRO000092,EMP000301,2023-03-08,Leadership Potential
PRO000093,EMP000307,2025-03-13,Internal Recruitment
PRO000094,EMP000309,2022-06-13,
PRO000095,EMP000311,2022-11-14,Internal Recruitment
PRO000096,EMP000313,2024-01-18,Internal Recruitment
PRO000097,EMP000316,2023-04-14,
PRO000098,EMP000317,2020-02-14,Outstanding Performance
PRO000099,EMP000318,2020-11-17,Department Expansion
PRO000100,EMP000319,2025-04-11,Leadership Potential
PRO000101,EMP000322,2019-07-28,Department Expansion
PRO000102,EMP000323,2019-10-07,Department Expansion
PRO000103,EMP000326,2021-04-25,
PRO000104,EMP000327,2023-10-13,Internal Recruitment
PRO000105,EMP000328,2022-09-05,Department Expansion
PRO000106,EMP000330,2021-03-04,Outstanding Performance
PRO000107,EMP000333,2019-07-03,
PRO000108,EMP000334,2024-02-21,Leadership Potential
PRO000109,EMP000335,2024-04-27,Outstanding Performance
PRO000110,EMP000342,2023-03-03,Excellent
PRO000111,EMP000346,2019-07-23,Leadership Potential
PRO000112,EMP000353,2023-02-04,Outstanding Performance
PRO000113,EMP000355,2025-11-18,Leadership Potential
PRO000114,EMP000359,2020-06-22,Leadership Potential
PRO000115,EMP000364,2025-07-02,Leadership Potential
PRO000116,EMP000365,2020-10-02,Years of Service
PRO000117,EMP000372,2024-10-12,Leadership Potential
PRO000118,EMP000377,2019-01-06,Department Expansion
PRO000119,EMP000381,2021-02-02,Leadership Potential
PRO000120,EMP000384,2021-12-25,Internal Recruitment
PRO000121,EMP000385,2024-05-24,Outstanding Performance
PRO000122,EMP000388,2024-01-25,Internal Recruitment
PRO000123,EMP000392,2023-05-02,Department Expansion
PRO000124,EMP000393,2023-06-18,Department Expansion
PRO000125,EMP000396,2021-03-08,Promotion
PRO000126,EMP000397,2023-03-01,Internal Recruitment
PRO000127,EMP000398,2019-06-24,Leadership Potential
PRO000128,EMP000401,2020-09-26,Leadership Potential
PRO000129,EMP000405,2021-01-25,Leadership Potential
PRO000130,EMP000409,2024-10-06,Department Expansion
PRO000131,EMP000411,2024-10-03,N/A
PRO000132,EMP000412,2025-04-13,Internal Recruitment
PRO000133,EMP000413,2022-10-03,Department Expansion
PRO000134,EMP000416,2021-08-27,Outstanding Performance
PRO000135,EMP000421,2025-01-27,Years of Service
PRO000136,EMP000422,2024-01-14,Leadership Potential
PRO000137,EMP000423,2024-04-21,Department Expansion
PRO000138,EMP000424,2025-03-26,Outstanding Performance
PRO000139,EMP000430,2025-04-18,Leadership Potential
PRO000140,EMP000452,2020-10-03,Internal Recruitment
PRO000141,EMP000453,2024-06-16,Promotion
PRO000142,EMP000455,2024-02-03,Internal Recruitment
PRO000143,EMP000456,2019-10-27,Years of Service
PRO000144,EMP000457,2020-12-17,Department Expansion
PRO000145,EMP000467,2019-07-08,Leadership Potential
PRO000146,EMP000469,2024-01-09,
PRO000147,EMP000473,2022-05-25,Outstanding Performance
PRO000148,EMP000474,2022-06-20,Internal Recruitment
PRO000149,EMP000480,2025-06-22,Years of Service
PRO000150,EMP000481,2020-06-12,N/A
PRO000151,EMP000485,2021-02-09,
PRO000152,EMP000489,2024-04-24,Leadership Potential
PRO000153,EMP000493,2024-11-25,Outstanding Performance
PRO000154,EMP000495,2024-03-16,Internal Recruitment
PRO000155,EMP000499,2025-03-19,Years of Service
PRO000156,EMP000500,2019-12-24,Department Expansion
PRO000157,EMP000504,2021-05-26,
PRO000158,EMP000506,2024-08-23,Internal Recruitment
PRO000159,EMP000513,2023-04-15,Internal Recruitment
PRO000160,EMP000516,2022-06-25,Outstanding Performance
PRO000161,EMP000521,2024-03-01,Years of Service
PRO000162,EMP000525,2020-12-19,Leadership Potential
PRO000163,EMP000528,2022-09-02,Good
PRO000164,EMP000529,2022-07-20,Department Expansion
PRO000165,EMP000531,2025-03-03,Years of Service
PRO000166,EMP000533,2019-11-19,Internal Recruitment
PRO000167,EMP000535,2019-01-22,Promotion
PRO000168,EMP000539,2024-07-13,Internal Recruitment
PRO000169,EMP000541,2020-03-21,Outstanding Performance
PRO000170,EMP000544,2023-02-18,Promotion
PRO000171,EMP000545,2021-04-13,Outstanding Performance
PRO000172,EMP000546,2023-05-23,Outstanding Performance
PRO000173,EMP000551,2020-04-26,Internal Recruitment
PRO000174,EMP000555,2022-11-27,Promotion
PRO000175,EMP000557,2024-10-01,
PRO000176,EMP000565,2024-12-05,Years of Service
PRO000177,EMP000566,2024-11-05,Internal Recruitment
PRO000178,EMP000568,2021-03-01,Department Expansion
PRO000179,EMP000577,2021-02-05,Department Expansion
PRO000180,EMP000582,2020-03-25,Outstanding Performance
PRO000181,EMP000583,2022-06-23,Leadership Potential
PRO000182,EMP000585,2020-08-14,Internal Recruitment
PRO000183,EMP000587,2025-10-25,Department Expansion
PRO000184,EMP000591,2024-07-22,Internal Recruitment
PRO000185,EMP000592,2024-05-24,Department Expansion
PRO000186,EMP000597,2021-06-08,Outstanding Performance
PRO000187,EMP000601,2019-10-06,Promotion
PRO000188,EMP000603,2024-10-12,Years of Service
PRO000189,EMP000606,2019-05-24,Department Expansion
PRO000190,EMP000607,2020-04-19,Department Expansion
PRO000191,EMP000614,2020-07-19,Internal Recruitment
PRO000192,EMP000623,2022-08-21,Years of Service
PRO000193,EMP000627,2024-12-02,Leadership Potential
PRO000194,EMP000629,2020-12-19,Leadership Potential
PRO000195,EMP000641,2023-05-05,Leadership Potential
PRO000196,EMP000643,2024-10-09,Transfer
PRO000197,EMP000646,2025-06-11,Years of Service
PRO000198,EMP000648,2025-11-05,Good
PRO000199,EMP000650,2020-10-06,Outstanding Performance
PRO000200,EMP000655,2022-07-17,Years of Service
PRO000201,EMP000656,2022-07-21,Outstanding Performance
PRO000202,EMP000657,2023-11-26,Years of Service
PRO000203,EMP000662,2019-08-05,Department Expansion
PRO000204,EMP000663,2022-08-06,Internal Recruitment
PRO000205,EMP000665,2023-12-14,Internal Recruitment
PRO000206,EMP000682,2022-01-24,Leadership Potential
PRO000207,EMP000689,2024-03-02,Transfer
PRO000208,EMP000690,2020-11-20,Department Expansion
PRO000209,EMP000693,2019-09-14,Years of Service
PRO000210,EMP000698,2023-02-26,Years of Service
PRO000211,EMP000702,2023-12-11,Internal Recruitment
PRO000212,EMP000706,2019-07-15,Outstanding Performance
PRO000213,EMP000708,2021-08-05,Years of Service
PRO000214,EMP000715,2024-02-01,Outstanding Performance
PRO000215,EMP000717,2020-04-15,Internal Recruitment
PRO000216,EMP000720,2019-01-21,Internal Recruitment
PRO000217,EMP000722,2019-08-08,Department Expansion
PRO000218,EMP000725,2023-07-17,Internal Recruitment
PRO000219,EMP000726,2019-12-12,Outstanding Performance
PRO000220,EMP000727,2023-06-27,Department Expansion
PRO000221,EMP000728,2019-02-01,Leadership Potential
PRO000222,EMP000729,2023-07-21,Years of Service
PRO000223,EMP000733,2024-10-12,Internal Recruitment
PRO000224,EMP000738,2023-01-27,Department Expansion
PRO000225,EMP000744,2019-03-14,Years of Service
PRO000226,EMP000745,2022-09-02,Outstanding Performance
PRO000227,EMP000746,2022-09-19,Years of Service
PRO000228,EMP000747,2022-12-24,Years of Service
PRO000229,EMP000750,2024-07-27,Years of Service
PRO000230,EMP000759,2023-11-06,Internal Recruitment
PRO000231,EMP000760,2021-07-09,Internal Recruitment
PRO000232,EMP000762,2025-10-03,Department Expansion
PRO000233,EMP000766,2025-02-12,Leadership Potential
PRO000234,EMP000768,2021-01-24,Outstanding Performance
PRO000235,EMP000769,2022-02-13,N/A
PRO000236,EMP000770,2025-11-22,Outstanding Performance
PRO000237,EMP000772,2021-03-27,Internal Recruitment
PRO000238,EMP000774,2021-07-24,Internal Recruitment
PRO000239,EMP000775,2020-04-17,Internal Recruitment
PRO000240,EMP000788,2021-03-24,Department Expansion
PRO000241,EMP000789,2024-10-14,Internal Recruitment
PRO000242,EMP000791,2020-12-17,Internal Recruitment
PRO000243,EMP000792,2023-11-17,
PRO000244,EMP000793,2023-05-23,Internal Recruitment
PRO000245,EMP000798,2019-10-18,Leadership Potential
PRO000246,EMP000807,2023-06-03,Excellent
PRO000247,EMP000811,2025-01-11,Internal Recruitment
PRO000248,EMP000813,2020-05-11,Good
PRO000249,EMP000816,2024-03-27,
PRO000250,EMP000821,2019-05-20,Outstanding Performance
PRO000251,EMP000822,2021-01-12,Department Expansion
PRO000252,EMP000827,2025-09-23,Internal Recruitment
PRO000253,EMP000828,2024-04-14,Leadership Potential
PRO000254,EMP000829,2023-05-24,Leadership Potential
PRO000255,EMP000830,2020-09-25,Years of Service
PRO000256,EMP000831,2024-08-22,
PRO000257,EMP000832,2019-08-01,Department Expansion
PRO000258,EMP000834,2023-05-28,Leadership Potential
PRO000259,EMP000835,2020-02-28,Outstanding Performance
PRO000260,EMP000839,2021-09-15,
PRO000261,EMP000846,2023-03-21,Years of Service
PRO000262,EMP000851,2023-06-04,N/A
PRO000263,EMP000856,2025-12-22,Outstanding Performance
PRO000264,EMP000858,2022-09-03,Outstanding Performance
PRO000265,EMP000860,2019-08-08,Leadership Potential
PRO000266,EMP000861,2019-07-13,Leadership Potential
PRO000267,EMP000863,2021-07-12,Outstanding Performance
PRO000268,EMP000870,2025-04-27,Leadership Potential
PRO000269,EMP000873,2020-10-15,Leadership Potential
PRO000270,EMP000874,2023-12-13,Promotion
PRO000271,EMP000875,2024-08-07,Outstanding Performance
PRO000272,EMP000891,2024-10-12,Leadership Potential
PRO000273,EMP000893,2022-07-28,Outstanding Performance
PRO000274,EMP000895,2025-01-11,Leadership Potential
PRO000275,EMP000898,2025-11-12,Department Expansion
PRO000276,EMP000907,2025-05-27,Internal Recruitment
PRO000277,EMP000909,2021-02-17,Leadership Potential
PRO000278,EMP000911,2023-11-26,Internal Recruitment
PRO000279,EMP000916,2020-06-12,Leadership Potential
PRO000280,EMP000924,2020-07-03,Leadership Potential
PRO000281,EMP000926,2019-09-05,Years of Service
PRO000282,EMP000929,2021-02-20,Department Expansion
PRO000283,EMP000932,2019-03-03,Outstanding Performance
PRO000284,EMP000937,2021-02-19,Leadership Potential
PRO000285,EMP000940,2020-12-16,Outstanding Performance
PRO000286,EMP000941,2024-08-25,Outstanding Performance
PRO000287,EMP000943,2022-04-09,Years of Service
PRO000288,EMP000945,2019-08-03,Years of Service
PRO000289,EMP000947,2025-07-14,Department Expansion
PRO000290,EMP000950,2019-04-02,Outstanding Performance
PRO000291,EMP000951,2024-07-09,Internal Recruitment
PRO000292,EMP000955,2024-10-11,Leadership Potential
PRO000293,EMP000956,2022-01-18,Leadership Potential
PRO000294,EMP000957,2019-09-01,Department Expansion
PRO000295,EMP000963,2024-08-22,Years of Service
PRO000296,EMP000965,2024-06-12,Leadership Potential
PRO000297,EMP000966,2019-10-04,Years of Service
PRO000298,EMP000970,2025-10-12,Leadership Potential
PRO000299,EMP000975,2023-03-07,Years of Service
PRO000300,EMP000976,2020-12-10,
PRO000301,EMP000984,2020-10-26,Department Expansion
PRO000302,EMP000993,2020-02-07,Internal Recruitment
PRO000303,EMP001000,2023-08-19,Years of Service
PRO000304,EMP001003,2022-07-02,Leadership Potential
PRO000305,EMP001004,2022-12-15,Leadership Potential
PRO000306,EMP001006,2021-01-08,Years of Service
PRO000307,EMP001008,2020-08-01,Department Expansion
PRO000308,EMP001009,2021-03-25,Internal Recruitment
PRO000309,EMP001012,2021-01-20,Outstanding Performance
PRO000310,EMP001015,2021-10-04,Department Expansion
PRO000311,EMP001016,2020-05-25,Outstanding Performance
PRO000312,EMP001019,2020-10-28,Internal Recruitment
PRO000313,EMP001021,2022-11-15,Leadership Potential
PRO000314,EMP001030,2020-05-02,Promotion
PRO000315,EMP001031,2023-12-03,Department Expansion
PRO000316,EMP001032,2021-03-01,Years of Service
PRO000317,EMP001035,2024-07-26,Outstanding Performance
PRO000318,EMP001036,2024-05-02,Years of Service
PRO000319,EMP001039,2021-03-10,Internal Recruitment
PRO000320,EMP001041,2022-12-14,Department Expansion
PRO000321,EMP001043,2022-11-25,Leadership Potential
PRO000322,EMP001045,2025-05-27,
PRO000323,EMP001048,2023-08-15,Outstanding Performance
PRO000324,EMP001050,2021-11-03,Years of Service
PRO000325,EMP001053,2025-11-19,Department Expansion
PRO000326,EMP001062,2024-10-22,N/A
PRO000327,EMP001063,2023-04-28,Leadership Potential
PRO000328,EMP001071,2024-08-19,Leadership Potential
PRO000329,EMP001073,2020-04-05,Years of Service
PRO000330,EMP001074,2024-11-09,Leadership Potential
PRO000331,EMP001076,2023-09-25,Outstanding Performance
PRO000332,EMP001086,2019-02-24,Years of Service
PRO000333,EMP001087,2020-08-20,Leadership Potential
PRO000334,EMP001090,2023-12-11,Transfer
PRO000335,EMP001091,2020-12-07,Leadership Potential
PRO000336,EMP001099,2019-09-21,Department Expansion
PRO000337,EMP001102,2025-10-14,
PRO000338,EMP001108,2021-10-26,Outstanding Performance
PRO000339,EMP001114,2024-09-17,Years of Service
PRO000340,EMP001116,2022-02-08,Outstanding Performance
PRO000341,EMP001117,2020-10-05,
PRO000342,EMP001118,2024-05-22,Internal Recruitment
PRO000343,EMP001121,2024-12-07,Internal Recruitment
PRO000344,EMP001127,2023-03-17,Years of Service
PRO000345,EMP001128,2025-02-21,Leadership Potential
PRO000346,EMP001132,2019-06-16,Leadership Potential
PRO000347,EMP001139,2020-08-05,Outstanding Performance
PRO000348,EMP001145,2022-06-17,Years of Service
PRO000349,EMP001147,2024-07-20,Years of Service
PRO000350,EMP001155,2025-07-14,Excellent
PRO000351,EMP001160,2021-07-02,Internal Recruitment
PRO000352,EMP001171,2021-01-04,Years of Service
PRO000353,EMP001172,2025-09-08,Years of Service
PRO000354,EMP001175,2019-10-05,Department Expansion
PRO000355,EMP001177,2023-06-15,Years of Service
PRO000356,EMP001182,2019-01-19,Department Expansion
PRO000357,EMP001184,2022-09-26,Department Expansion
PRO000358,EMP001185,2020-04-04,Internal Recruitment
PRO000359,EMP001189,2024-06-10,Years of Service
PRO000360,EMP001193,2024-11-25,Internal Recruitment
PRO000361,EMP001198,2020-07-01,Outstanding Performance
PRO000362,EMP001199,2021-03-10,Years of Service
PRO000363,EMP001205,2021-03-07,Department Expansion
PRO000364,EMP001206,2021-08-20,Leadership Potential
PRO000365,EMP001210,2020-06-16,Internal Recruitment
PRO000366,EMP001212,2025-01-13,Internal Recruitment
PRO000367,EMP001215,2025-01-02,Internal Recruitment
PRO000368,EMP001218,2025-07-06,Leadership Potential
PRO000369,EMP001224,2020-08-06,Years of Service
PRO000370,EMP001225,2023-03-27,Internal Recruitment
PRO000371,EMP001226,2019-03-11,Leadership Potential
PRO000372,EMP001227,2020-09-27,Outstanding Performance
PRO000373,EMP001231,2023-09-07,
PRO000374,EMP001234,2019-01-06,Leadership Potential
PRO000375,EMP001235,2020-06-13,Internal Recruitment
PRO000376,EMP001239,2024-04-21,Department Expansion
PRO000377,EMP001243,2024-10-08,Years of Service
PRO000378,EMP001244,2021-12-24,Years of Service
PRO000379,EMP001252,2019-11-26,Leadership Potential
PRO000380,EMP001253,2022-03-04,Excellent
PRO000381,EMP001255,2024-10-20,Years of Service
PRO000382,EMP001256,2022-09-17,Department Expansion
PRO000383,EMP001257,2025-06-19,Years of Service
PRO000384,EMP001262,2024-03-04,Leadership Potential
PRO000385,EMP001263,2024-10-13,Leadership Potential
PRO000386,EMP001264,2019-09-27,Years of Service
PRO000387,EMP001265,2021-09-13,Department Expansion
PRO000388,EMP001272,2020-04-19,Internal Recruitment
PRO000389,EMP001276,2024-05-07,Outstanding Performance
PRO000390,EMP001277,2019-02-22,Internal Recruitment
PRO000391,EMP001280,2025-01-25,Leadership Potential
PRO000392,EMP001285,2024-05-21,Internal Recruitment
PRO000393,EMP001296,2024-02-22,Internal Recruitment
PRO000394,EMP001306,2019-11-11,Excellent
PRO000395,EMP001318,2024-05-22,Leadership Potential
PRO000396,EMP001321,2019-05-25,Department Expansion
PRO000397,EMP001324,2024-09-27,Transfer
PRO000398,EMP001325,2021-08-17,Department Expansion
PRO000399,EMP001326,2019-01-18,Leadership Potential
PRO000400,EMP001335,2021-10-11,Department Expansion
PRO000401,EMP001336,2022-04-23,Department Expansion
PRO000402,EMP001338,2019-04-28,Department Expansion
PRO000403,EMP001339,2024-06-19,Outstanding Performance
PRO000404,EMP001345,2020-05-02,Years of Service
PRO000405,EMP001349,2025-03-06,Leadership Potential
PRO000406,EMP001355,2024-01-07,Outstanding Performance
PRO000407,EMP001357,2023-06-01,Leadership Potential
PRO000408,EMP001368,2019-04-04,Years of Service
PRO000409,EMP001370,2021-08-23,Department Expansion
PRO000410,EMP001372,2019-09-11,Internal Recruitment
PRO000411,EMP001375,2021-07-19,Internal Recruitment
PRO000412,EMP001385,2025-01-07,Leadership Potential
PRO000413,EMP001388,2019-01-15,Outstanding Performance
PRO000414,EMP001390,2020-12-15,Outstanding Performance
PRO000415,EMP001391,2022-08-08,Years of Service
PRO000416,EMP001393,2021-10-01,Department Expansion
PRO000417,EMP001395,2023-09-12,Leadership Potential
PRO000418,EMP001400,2024-04-05,Internal Recruitment
PRO000419,EMP001402,2019-01-16,Years of Service
PRO000420,EMP001403,2019-02-05,Internal Recruitment
PRO000421,EMP001407,2020-03-19,Years of Service
PRO000422,EMP001414,2024-09-14,Years of Service
PRO000423,EMP001415,2023-01-14,Leadership Potential
PRO000424,EMP001419,2021-04-04,Outstanding Performance
PRO000425,EMP001420,2024-12-11,Department Expansion
PRO000426,EMP001422,2024-01-28,Department Expansion
PRO000427,EMP001424,2020-08-19,Internal Recruitment
PRO000428,EMP001426,2019-04-12,Outstanding Performance
PRO000429,EMP001432,2021-08-05,Leadership Potential
PRO000430,EMP001435,2025-10-19,Good
PRO000431,EMP001439,2024-04-12,Department Expansion
PRO000432,EMP001441,2024-03-28,Years of Service
PRO000433,EMP001445,2024-11-27,Years of Service
PRO000434,EMP001457,2023-05-27,Department Expansion
PRO000435,EMP001459,2021-11-08,Internal Recruitment
PRO000436,EMP001464,2025-02-07,
PRO000437,EMP001470,2024-09-08,Department Expansion
PRO000438,EMP001471,2022-01-28,Years of Service
PRO000439,EMP001472,2025-12-12,Years of Service
PRO000440,EMP001473,2020-11-07,Years of Service
PRO000441,EMP001482,2022-11-01,Department Expansion
PRO000442,EMP001485,2024-11-15,Leadership Potential
PRO000443,EMP001490,2019-04-03,Internal Recruitment
PRO000444,EMP001493,2019-10-25,Outstanding Performance
PRO000445,EMP001495,2023-01-09,Years of Service
PRO000446,EMP001498,2019-08-08,Years of Service
PRO000447,EMP001499,2024-04-28,Department Expansion
PRO000448,EMP001500,2023-04-27,Years of Service
PRO000449,EMP001512,2019-07-09,Internal Recruitment
PRO000450,EMP001513,2025-06-03,Department Expansion
PRO000451,EMP001515,2021-07-25,Department Expansion
PRO000452,EMP001518,2022-08-13,Outstanding Performance
PRO000453,EMP001523,2021-01-24,Leadership Potential
PRO000454,EMP001526,2023-05-10,Outstanding Performance
PRO000455,EMP001528,2021-07-28,Department Expansion
PRO000456,EMP001535,2023-04-20,Internal Recruitment
PRO000457,EMP001537,2022-06-25,Years of Service
PRO000458,EMP001539,2019-05-08,Outstanding Performance
PRO000459,EMP001541,2025-06-16,Internal Recruitment
PRO000460,EMP001542,2023-11-08,Years of Service
PRO000461,EMP001543,2020-12-24,
PRO000462,EMP001545,2025-03-04,Leadership Potential
PRO000463,EMP001546,2024-06-09,Years of Service
PRO000464,EMP001548,2019-12-25,Department Expansion
PRO000465,EMP001554,2020-04-20,Department Expansion
PRO000466,EMP001566,2024-04-12,Department Expansion
PRO000467,EMP001569,2025-09-25,Internal Recruitment
PRO000468,EMP001575,2025-01-05,Outstanding Performance
PRO000469,EMP001582,2021-06-10,Years of Service
PRO000470,EMP001583,2022-12-04,Internal Recruitment
PRO000471,EMP001585,2023-05-17,Excellent
PRO000472,EMP001588,2025-01-16,Transfer
PRO000473,EMP001589,2021-07-20,Years of Service
PRO000474,EMP001590,2025-12-10,Department Expansion
PRO000475,EMP001611,2023-10-17,Years of Service
PRO000476,EMP001612,2019-11-21,Outstanding Performance
PRO000477,EMP001615,2025-04-25,Years of Service
PRO000478,EMP001616,2022-07-21,Years of Service
PRO000479,EMP001621,2022-08-28,Outstanding Performance
PRO000480,EMP001623,2019-10-14,Years of Service
PRO000481,EMP001625,2019-09-14,Internal Recruitment
PRO000482,EMP001626,2022-02-03,Leadership Potential
PRO000483,EMP001627,2022-07-09,Outstanding Performance
PRO000484,EMP001629,2024-11-13,Department Expansion
PRO000485,EMP001631,2023-07-11,Department Expansion
PRO000486,EMP001633,2024-06-28,Department Expansion
PRO000487,EMP001636,2021-09-17,Internal Recruitment
PRO000488,EMP001643,2024-03-13,Outstanding Performance
PRO000489,EMP001646,2022-02-16,
PRO000490,EMP001648,2020-11-12,Outstanding Performance
PRO000491,EMP001650,2019-05-07,Outstanding Performance
PRO000492,EMP001653,2021-01-05,Internal Recruitment
PRO000493,EMP001659,2019-02-01,Outstanding Performance
PRO000494,EMP001660,2023-10-06,Leadership Potential
PRO000495,EMP001661,2025-09-10,Department Expansion
PRO000496,EMP001664,2024-04-01,Years of Service
PRO000497,EMP001671,2019-04-07,Outstanding Performance
PRO000498,EMP001673,2022-03-03,Internal Recruitment
PRO000499,EMP001678,2022-07-27,Department Expansion
PRO000500,EMP001682,2020-05-08,Years of Service
PRO000501,EMP001683,2021-12-15,Outstanding Performance
PRO000502,EMP001686,2021-01-26,Internal Recruitment
PRO000503,EMP001687,2024-03-10,Internal Recruitment
PRO000504,EMP001695,2023-04-14,N/A
PRO000505,EMP001700,2025-02-14,Internal Recruitment
PRO000506,EMP001701,2021-08-19,Internal Recruitment
PRO000507,EMP001702,2019-02-12,Leadership Potential
PRO000508,EMP001712,2024-08-22,Years of Service
PRO000509,EMP001713,2023-09-26,Years of Service
PRO000510,EMP001716,2022-03-01,Department Expansion
PRO000511,EMP001717,2021-12-10,Leadership Potential
PRO000512,EMP001718,2025-01-11,Leadership Potential
PRO000513,EMP001721,2022-12-07,Outstanding Performance
PRO000514,EMP001727,2024-07-24,Years of Service
PRO000515,EMP001729,2021-02-23,Internal Recruitment
PRO000516,EMP001734,2019-01-19,Promotion
PRO000517,EMP001735,2022-12-10,Outstanding Performance
PRO000518,EMP001738,2022-05-12,Years of Service
PRO000519,EMP001740,2020-07-01,Internal Recruitment
PRO000520,EMP001741,2023-01-11,Years of Service
PRO000521,EMP001743,2024-04-12,Internal Recruitment
PRO000522,EMP001747,2024-03-16,Years of Service
PRO000523,EMP001748,2022-02-01,Department Expansion
PRO000524,EMP001753,2019-10-13,Department Expansion
PRO000525,EMP001758,2021-12-09,Leadership Potential
PRO000526,EMP001760,2025-07-26,Promotion
PRO000527,EMP001763,2025-05-19,Leadership Potential
PRO000528,EMP001776,2022-01-16,Leadership Potential
PRO000529,EMP001777,2023-02-09,Internal Recruitment
PRO000530,EMP001779,2021-03-14,Leadership Potential
PRO000531,EMP001782,2023-12-11,Years of Service
PRO000532,EMP001783,2021-11-01,Years of Service
PRO000533,EMP001786,2023-05-15,
PRO000534,EMP001790,2019-02-26,Outstanding Performance
PRO000535,EMP001795,2025-04-21,
PRO000536,EMP001803,2024-10-07,Years of Service
PRO000537,EMP001805,2025-11-14,Outstanding Performance
PRO000538,EMP001810,2019-03-07,Leadership Potential
PRO000539,EMP001813,2023-05-03,Internal Recruitment
PRO000540,EMP001816,2021-10-15,Leadership Potential
PRO000541,EMP001817,2023-04-14,Leadership Potential
PRO000542,EMP001824,2025-10-27,Years of Service
PRO000543,EMP001831,2025-04-04,Leadership Potential
PRO000544,EMP001839,2025-10-14,Leadership Potential
PRO000545,EMP001840,2022-07-02,Department Expansion
PRO000546,EMP001847,2025-04-17,Internal Recruitment
PRO000547,EMP001859,2022-05-13,Department Expansion
PRO000548,EMP001864,2021-03-04,Leadership Potential
PRO000549,EMP001866,2021-10-24,Years of Service
PRO000550,EMP001868,2019-12-14,Department Expansion
PRO000551,EMP001869,2023-02-14,Internal Recruitment
PRO000552,EMP001873,2023-12-16,
PRO000553,EMP001876,2023-09-10,Internal Recruitment
PRO000554,EMP001877,2021-09-24,Department Expansion
PRO000555,EMP001878,2025-02-24,Years of Service
PRO000556,EMP001879,2022-05-13,Internal Recruitment
PRO000557,EMP001881,2025-07-01,Internal Recruitment
PRO000558,EMP001882,2025-06-01,Years of Service
PRO000559,EMP001885,2024-05-26,
PRO000560,EMP001890,2021-04-28,Years of Service
PRO000561,EMP001894,2020-05-03,Department Expansion
PRO000562,EMP001897,2024-04-11,Outstanding Performance
PRO000563,EMP001902,2022-11-08,Leadership Potential
PRO000564,EMP001913,2023-03-18,
PRO000565,EMP001914,2021-03-06,N/A
PRO000566,EMP001917,2021-03-07,Years of Service
PRO000567,EMP001919,2024-05-03,Internal Recruitment
PRO000568,EMP001929,2019-07-19,Department Expansion
PRO000569,EMP001931,2020-10-14,Department Expansion
PRO000570,EMP001935,2024-04-17,Outstanding Performance
PRO000571,EMP001944,2020-05-24,Years of Service
PRO000572,EMP001952,2021-04-18,Good
PRO000573,EMP001954,2025-12-12,Years of Service
PRO000574,EMP001955,2020-11-25,Years of Service
PRO000575,EMP001956,2021-10-01,Years of Service
PRO000576,EMP001964,2019-10-24,Internal Recruitment
PRO000577,EMP001965,2022-04-26,Leadership Potential
PRO000578,EMP001966,2022-05-10,
PRO000579,EMP001971,2022-10-17,Leadership Potential
PRO000580,EMP001972,2020-06-22,
PRO000581,EMP001975,2022-09-07,Outstanding Performance
PRO000582,EMP001984,2025-11-14,Outstanding Performance
PRO000583,EMP001986,2020-04-10,Transfer
PRO000584,EMP001987,2020-09-16,Department Expansion
PRO000585,EMP001990,2024-07-09,Outstanding Performance
PRO000586,EMP001993,2021-10-13,Internal Recruitment
PRO000587,EMP001996,2020-04-11,Department Expansion
PRO000588,EMP002000,2025-11-02,
PRO000589,EMP002002,2020-12-13,Department Expansion
PRO000590,EMP002004,2019-01-07,Department Expansion
PRO000591,EMP002006,2021-03-09,Outstanding Performance
PRO000592,EMP002010,2024-10-12,Department Expansion
PRO000593,EMP002012,2025-10-21,Department Expansion
PRO000594,EMP002018,2019-06-02,Outstanding Performance
PRO000595,EMP002025,2022-07-23,Internal Recruitment
PRO000596,EMP002027,2023-06-15,Outstanding Performance
PRO000597,EMP002028,2023-01-03,Internal Recruitment
PRO000598,EMP002035,2023-09-08,Internal Recruitment
PRO000599,EMP002036,2021-05-13,Internal Recruitment
PRO000600,EMP002038,2021-03-26,Outstanding Performance
PRO000601,EMP002051,2019-07-23,Department Expansion
PRO000602,EMP002052,2024-09-09,Department Expansion
PRO000603,EMP002053,2021-12-28,Outstanding Performance
PRO000604,EMP002055,2019-11-07,Outstanding Performance
PRO000605,EMP002059,2019-08-19,Internal Recruitment
PRO000606,EMP002062,2022-01-16,Years of Service
PRO000607,EMP002067,2021-01-06,Outstanding Performance
PRO000608,EMP002070,2021-03-10,Department Expansion
PRO000609,EMP002071,2023-07-13,Department Expansion
PRO000610,EMP002072,2025-06-26,Internal Recruitment
PRO000611,EMP002073,2022-05-21,Years of Service
PRO000612,EMP002075,2019-09-08,Leadership Potential
PRO000613,EMP002077,2024-04-08,Years of Service
PRO000614,EMP002078,2025-08-08,Department Expansion
PRO000615,EMP002080,2020-04-03,Years of Service
PRO000616,EMP002082,2025-10-19,Department Expansion
PRO000617,EMP002084,2020-01-18,Internal Recruitment
PRO000618,EMP002086,2025-07-22,Years of Service
PRO000619,EMP002090,2019-01-25,Department Expansion
PRO000620,EMP002096,2023-10-26,Promotion
PRO000621,EMP002102,2019-03-01,Internal Recruitment
PRO000622,EMP002105,2019-06-22,Leadership Potential
PRO000623,EMP002110,2021-11-24,Department Expansion
PRO000624,EMP002112,2019-07-28,Department Expansion
PRO000625,EMP002114,2019-11-02,Years of Service
PRO000626,EMP002118,2024-09-18,Department Expansion
PRO000627,EMP002122,2025-12-02,Internal Recruitment
PRO000628,EMP002124,2025-09-13,Department Expansion
PRO000629,EMP002127,2021-02-11,Leadership Potential
PRO000630,EMP002128,2021-03-18,Internal Recruitment
PRO000631,EMP002131,2020-09-26,Leadership Potential
PRO000632,EMP002137,2024-08-15,
PRO000633,EMP002139,2020-10-05,Internal Recruitment
PRO000634,EMP002148,2024-09-07,Leadership Potential
PRO000635,EMP002150,2023-08-25,
PRO000636,EMP002156,2019-04-25,
PRO000637,EMP002162,2024-05-15,Years of Service
PRO000638,EMP002163,2022-06-02,Outstanding Performance
PRO000639,EMP002166,2024-06-16,Department Expansion
PRO000640,EMP002169,2021-02-11,Outstanding Performance
PRO000641,EMP002171,2025-08-15,Outstanding Performance
PRO000642,EMP002173,2022-06-16,Leadership Potential
PRO000643,EMP002176,2023-07-15,
PRO000644,EMP002178,2020-10-08,Years of Service
PRO000645,EMP002181,2023-01-09,Outstanding Performance
PRO000646,EMP002182,2020-12-17,Leadership Potential
PRO000647,EMP002188,2019-05-26,Outstanding Performance
PRO000648,EMP002190,2023-07-20,Leadership Potential
PRO000649,EMP002196,2025-03-14,Years of Service
PRO000650,EMP002197,2025-12-21,Years of Service
PRO000651,EMP002198,2020-09-24,Leadership Potential
PRO000652,EMP002203,2025-08-21,Internal Recruitment
PRO000653,EMP002209,2024-09-18,
PRO000654,EMP002214,2024-09-10,Department Expansion
PRO000655,EMP002215,2019-01-07,
PRO000656,EMP002222,2020-02-15,Internal Recruitment
PRO000657,EMP002225,2023-11-06,Department Expansion
PRO000658,EMP002233,2019-07-13,Years of Service
PRO000659,EMP002235,2020-09-19,Years of Service
PRO000660,EMP002236,2019-01-23,
PRO000661,EMP002244,2020-11-05,Internal Recruitment
PRO000662,EMP002250,2021-05-17,Leadership Potential
PRO000663,EMP002252,2020-06-05,Years of Service
PRO000664,EMP002253,2021-11-09,Internal Recruitment
PRO000665,EMP002259,2022-07-02,Years of Service
PRO000666,EMP002260,2022-10-09,Years of Service
PRO000667,EMP002263,2024-08-11,Leadership Potential
PRO000668,EMP002271,2023-07-01,N/A
PRO000669,EMP002274,2019-11-07,Years of Service
PRO000670,EMP002278,2020-08-28,Outstanding Performance
PRO000671,EMP002284,2023-10-25,Years of Service
PRO000672,EMP002286,2019-09-01,Leadership Potential
PRO000673,EMP002288,2019-10-18,Department Expansion
PRO000674,EMP002294,2024-06-04,Department Expansion
PRO000675,EMP002295,2025-04-13,Years of Service
PRO000676,EMP002297,2025-10-18,
PRO000677,EMP002303,2025-07-07,Years of Service
PRO000678,EMP002308,2022-09-03,
PRO000679,EMP002311,2019-07-07,Department Expansion
PRO000680,EMP002312,2019-02-17,Department Expansion
PRO000681,EMP002316,2020-06-22,Years of Service
PRO000682,EMP002317,2024-10-08,Outstanding Performance
PRO000683,EMP002322,2022-08-02,Outstanding Performance
PRO000684,EMP002334,2025-08-20,Department Expansion
PRO000685,EMP002336,2022-07-20,Internal Recruitment
PRO000686,EMP002337,2025-08-02,Internal Recruitment
PRO000687,EMP002341,2019-06-13,Years of Service
PRO000688,EMP002343,2025-05-05,Leadership Potential
PRO000689,EMP002346,2022-11-20,Internal Recruitment
PRO000690,EMP002348,2024-11-11,Outstanding Performance
PRO000691,EMP002354,2023-12-08,Outstanding Performance
PRO000692,EMP002357,2021-10-08,Years of Service
PRO000693,EMP002363,2020-12-18,Department Expansion
PRO000694,EMP002364,2020-02-20,Internal Recruitment
PRO000695,EMP002365,2022-06-16,Internal Recruitment
PRO000696,EMP002368,2024-09-01,Years of Service
PRO000697,EMP002370,2023-11-27,Promotion
PRO000698,EMP002371,2024-11-19,
PRO000699,EMP002378,2021-03-22,Department Expansion
PRO000700,EMP002383,2024-02-25,Internal Recruitment
PRO000701,EMP002384,2024-04-06,Internal Recruitment
PRO000702,EMP002389,2022-12-11,Excellent
PRO000703,EMP002394,2024-08-15,Leadership Potential
PRO000704,EMP002396,2022-01-15,Promotion
PRO000705,EMP002401,2024-03-15,Outstanding Performance
PRO000706,EMP002404,2023-08-25,Internal Recruitment
PRO000707,EMP002414,2019-06-13,Department Expansion
PRO000708,EMP002418,2025-12-26,Internal Recruitment
PRO000709,EMP002420,2021-03-07,Department Expansion
PRO000710,EMP002421,2020-09-23,Leadership Potential
PRO000711,EMP002436,2024-03-24,Internal Recruitment
PRO000712,EMP002439,2020-05-15,Internal Recruitment
PRO000713,EMP002442,2023-05-21,Excellent
PRO000714,EMP002451,2019-07-28,Outstanding Performance
PRO000715,EMP002452,2024-01-16,Years of Service
PRO000716,EMP002456,2025-06-24,Promotion
PRO000717,EMP002457,2023-05-07,Internal Recruitment
PRO000718,EMP002458,2021-09-01,Outstanding Performance
PRO000719,EMP002461,2020-01-07,Years of Service
PRO000720,EMP002466,2024-08-11,Internal Recruitment
PRO000721,EMP002469,2023-03-26,Leadership Potential
PRO000722,EMP002472,2021-07-15,
PRO000723,EMP002484,2021-03-21,Internal Recruitment
PRO000724,EMP002487,2025-05-16,Department Expansion
PRO000725,EMP002488,2019-12-15,Internal Recruitment
PRO000726,EMP002489,2022-02-14,Years of Service
PRO000727,EMP002491,2025-11-19,Years of Service
PRO000728,EMP002493,2022-08-21,Department Expansion
PRO000729,EMP002495,2022-08-05,Internal Recruitment
PRO000730,EMP002498,2024-06-21,Leadership Potential
PRO000724,EMP002487,2025-05-16,Department Expansion
PRO000569,EMP001931,2020-10-14,Department Expansion
PRO000266,EMP000861,2019-07-13,Leadership Potential
PRO000071,EMP000238,2025-09-05,
PRO000670,EMP002278,2020-08-28,Outstanding Performance
PRO000381,EMP001255,2024-10-20,Years of Service
PRO000138,EMP000424,2025-03-26,Outstanding Performance
PRO000428,EMP001426,2019-04-12,Outstanding Performance
PRO000339,EMP001114,2024-09-17,Years of Service
PRO000463,EMP001546,2024-06-09,Years of Service
PRO000066,EMP000209,2021-09-09,Internal Recruitment
PRO000139,EMP000430,2025-04-18,Leadership Potential
PRO000452,EMP001518,2022-08-13,Outstanding Performance
PRO000422,EMP001414,2024-09-14,Years of Service
PRO000506,EMP001701,2021-08-19,Internal Recruitment
PRO000081,EMP000273,2025-08-14,Outstanding Performance
PRO000055,EMP000177,2019-08-07,Promotion
PRO000636,EMP002156,2019-04-25,
PRO000012,EMP000031,2025-06-01,Outstanding Performance
PRO000102,EMP000323,2019-10-07,Department Expansion
PRO000695,EMP002365,2022-06-16,Internal Recruitment
PRO000269,EMP000873,2020-10-15,Leadership Potential
PRO000346,EMP001132,2019-06-16,Leadership Potential
PRO000047,EMP000149,2025-11-13,Years of Service
PRO000150,EMP000481,2020-06-12,N/A
PRO000558,EMP001882,2025-06-01,Years of Service
PRO000398,EMP001325,2021-08-17,Department Expansion
PRO000237,EMP000772,2021-03-27,Internal Recruitment
PRO000173,EMP000551,2020-04-26,Internal Recruitment
PRO000037,EMP000120,2024-08-03,Leadership Potential
PRO000053,EMP000168,2024-08-05,Internal Recruitment
PRO000178,EMP000568,2021-03-01,Department Expansion
PRO000686,EMP002337,2025-08-02,Internal Recruitment
PRO000172,EMP000546,2023-05-23,Outstanding Performance
PRO000062,EMP000199,2020-05-14,Outstanding Performance
PRO000386,EMP001264,2019-09-27,Years of Service
PRO000384,EMP001262,2024-03-04,Leadership Potential
PRO000107,EMP000333,2019-07-03,
PRO000663,EMP002252,2020-06-05,Years of Service
PRO000095,EMP000311,2022-11-14,Internal Recruitment
PRO000631,EMP002131,2020-09-26,Leadership Potential
PRO000020,EMP000074,2023-09-12,Leadership Potential
PRO000180,EMP000582,2020-03-25,Outstanding Performance
PRO000006,EMP000010,2025-03-19,Years of Service
PRO000568,EMP001929,2019-07-19,Department Expansion
PRO000247,EMP000811,2025-01-11,Internal Recruitment
PRO000421,EMP001407,2020-03-19,Years of Service
PRO000401,EMP001336,2022-04-23,Department Expansion
PRO000718,EMP002458,2021-09-01,Outstanding Performance
PRO000278,EMP000911,2023-11-26,Internal Recruitment
